,Job,Create,Start
0,a01,2023-10-17 08:15:33,2023-10-17 08:16:19
1,a02,2023-10-17 08:32:51,2023-10-17 08:36:39
2,a03,2023-10-17 08:27:26,2023-10-17 08:31:23
3,a04,2023-10-17 08:16:42,2023-10-17 08:20:35
4,a05,2023-10-17 08:05:35,2023-10-17 08:05:35
5,a06,2023-10-17 08:22:06,2023-10-17 08:26:00
6,a07,2023-10-17 08:11:16,2023-10-17 08:15:18
7,a08,2023-10-17 08:37:02,2023-10-17 08:37:52
8,a09,2023-10-17 08:31:38,2023-10-17 08:32:28
9,a10,2023-10-17 08:42:27,2023-10-17 08:43:16
10,c01,2023-10-17 08:20:58,2023-10-17 08:21:42
11,c02,2023-10-17 08:03:25,2023-10-17 08:03:25
12,c03,2023-10-17 08:04:36,2023-10-17 08:04:36
13,c04,2023-10-17 08:11:06,2023-10-17 08:11:06
14,c05,2023-10-17 08:38:15,2023-10-17 08:42:04
15,c06,2023-10-17 08:26:21,2023-10-17 08:26:21
16,c07,2023-10-17 08:06:34,2023-10-17 08:08:53
17,c08,2023-10-17 08:09:12,2023-10-17 08:09:59
18,c09,2023-10-17 08:26:39,2023-10-17 08:27:08
19,c10,2023-10-17 08:10:16,2023-10-17 08:10:51
